-- phpMyAdmin SQL Dump
-- version 4.8.5
-- https://www.phpmyadmin.net/
--
-- Host: na05-sql.pebblehost.com
-- Generation Time: Jan 21, 2022 at 12:22 AM
-- Server version: 10.5.12-MariaDB-log
-- PHP Version: 7.2.34

SET SQL_MODE = "NO_AUTO_VALUE_ON_ZERO";
SET AUTOCOMMIT = 0;
START TRANSACTION;
SET time_zone = "+00:00";


/*!40101 SET @OLD_CHARACTER_SET_CLIENT=@@CHARACTER_SET_CLIENT */;
/*!40101 SET @OLD_CHARACTER_SET_RESULTS=@@CHARACTER_SET_RESULTS */;
/*!40101 SET @OLD_COLLATION_CONNECTION=@@COLLATION_CONNECTION */;
/*!40101 SET NAMES utf8mb4 */;

--
-- Database: `customer_203824_glizzys`
--

-- --------------------------------------------------------

--
-- Table structure for table `captains`
--

CREATE TABLE `captains` (
  `id` int(11) NOT NULL,
  `name` text DEFAULT NULL,
  `skillLevel` int(11) DEFAULT NULL
) ENGINE=InnoDB DEFAULT CHARSET=latin1;

--
-- Dumping data for table `captains`
--

INSERT INTO `captains` (`id`, `name`, `skillLevel`) VALUES
(4, 'Jack Sparrow', 4);

-- --------------------------------------------------------

--
-- Table structure for table `exchanges`
--

CREATE TABLE `exchanges` (
  `id` int(11) NOT NULL,
  `user_id` varchar(255) NOT NULL,
  `name` varchar(255) NOT NULL,
  `item_id` int(11) NOT NULL,
  `item_name` varchar(255) NOT NULL,
  `price` int(11) NOT NULL
) ENGINE=InnoDB DEFAULT CHARSET=latin1;

-- --------------------------------------------------------

--
-- Table structure for table `messages`
--

CREATE TABLE `messages` (
  `_id` varchar(255) NOT NULL,
  `highlight` tinyint(1) NOT NULL DEFAULT 0,
  `glizzys` int(11) NOT NULL DEFAULT 0
) ENGINE=InnoDB DEFAULT CHARSET=latin1;

--
-- Dumping data for table `messages`
--

INSERT INTO `messages` (`_id`, `highlight`, `glizzys`) VALUES
('803533852407627777', 1, 0),
('812149233540661249', 1, 0),
('826161676894208061', 1, 0),
('826755041242251274', 1, 0),
('826885202634211389', 1, 0),
('826913153555103755', 1, 0),
('827084135116832818', 1, 0),
('827103517957292072', 1, 0),
('829846474019307520', 1, 0),
('831417459595935744', 1, 0),
('834652530143002644', 1, 0),
('839335945261809685', 1, 0),
('839792279333896204', 1, 0),
('843641309394370581', 1, 0),
('843695209920725022', 1, 0),
('844078688349192202', 1, 0),
('862242204348055553', 1, 0),
('862559976185397249', 1, 0),
('863013941616443402', 1, 0),
('863016109317554207', 1, 0),
('863017337363890186', 1, 0),
('863017745339252746', 1, 0),
('863100114537152524', 1, 0),
('864779704375312424', 1, 0),
('865472310717448192', 1, 0),
('867617788738666516', 1, 0),
('867947756248006696', 1, 0),
('867951161481760769', 1, 0),
('868041047735947274', 1, 0),
('868042535250042900', 1, 0),
('868045238135029780', 1, 0),
('868297020593549372', 1, 0),
('868303023871520799', 1, 0),
('868370490580959265', 1, 0),
('868759733144813598', 1, 0),
('868759833367691274', 1, 0),
('868760107914248192', 1, 0),
('868760110284021800', 1, 0),
('868779146757701633', 1, 0),
('869500886437752842', 1, 0),
('869980591381176360', 1, 0),
('870170167865385000', 1, 0),
('870207040935567370', 1, 0),
('870961411281530892', 1, 0),
('871439795136655380', 1, 0),
('871597687110250537', 1, 0),
('871938620125224970', 1, 0),
('872324933584306247', 1, 0),
('873027966886637628', 1, 0),
('873673645015334974', 1, 0),
('874407954542104606', 1, 0),
('874415264693895168', 1, 0),
('874524908741328986', 1, 0),
('874914588192297000', 1, 0),
('874973270481453116', 1, 0),
('874975154877374485', 1, 0),
('875271455456231424', 1, 0),
('876400163978108958', 1, 0),
('876407258043519006', 1, 0),
('877436766817226803', 1, 0),
('877675770133217360', 1, 0),
('877678674369994783', 1, 0),
('878008772570800128', 1, 0),
('878215050408652860', 1, 0),
('879644412416757810', 1, 0),
('880829586055790644', 1, 0),
('880851712544477275', 1, 0),
('882438024137408522', 1, 0),
('882445897621983252', 1, 0),
('882484223922040893', 1, 0),
('882907136751964160', 1, 0),
('883236327414460416', 1, 0),
('883458311436001350', 1, 0),
('883710504391024711', 1, 0),
('885907290132201544', 1, 0),
('887108657068773396', 1, 0),
('887991629984722984', 1, 0),
('888710433530343424', 1, 0),
('888711374975414313', 1, 0),
('889740681155846205', 1, 0),
('890078878817722378', 1, 0),
('891240148023541762', 1, 0),
('891571107507879956', 1, 0),
('891571425717133412', 1, 0),
('892260659243413564', 1, 0),
('892562588666331168', 1, 0),
('892636868997427251', 1, 0),
('892637097251450900', 1, 0),
('892991617772957736', 1, 0),
('893418419532222474', 1, 0),
('893699946082074685', 1, 0),
('894021560585838592', 1, 0),
('894367374390743091', 1, 0),
('894462532360732682', 1, 0),
('894501320659189790', 1, 0),
('895074669516947496', 1, 0),
('895167155346227260', 1, 0),
('896596885274513499', 1, 0),
('896871925429719060', 1, 0),
('896905353218895913', 1, 0),
('897630829931532300', 1, 0),
('897709580472184852', 1, 0),
('898061439527432192', 1, 0),
('898338799552176209', 1, 0),
('898416728504139777', 1, 0),
('899932134867894332', 1, 0),
('900083850372341831', 1, 0),
('900101683391123477', 1, 0),
('900254062002438174', 1, 0),
('900661452740898866', 1, 0),
('900971081257607228', 1, 0),
('901004568798842922', 1, 0),
('901353323372892161', 1, 0),
('901560472761942097', 1, 0),
('901605749392834590', 1, 0),
('901687841615130645', 1, 0),
('901701411144888321', 1, 0),
('901718754503843850', 1, 0),
('901958007561281607', 1, 0),
('902032158229680208', 1, 0),
('902169170630836254', 1, 0),
('902603461265358848', 1, 0),
('902701290394640384', 1, 0),
('902703136324583515', 1, 0),
('902715105953845299', 1, 0),
('903001781401972776', 1, 0),
('903076129726926848', 1, 0),
('903076858847985665', 1, 0),
('903096220480856095', 1, 0),
('903297803999129630', 1, 0),
('903672664932089936', 1, 0),
('903796405016080425', 1, 0),
('903957769147793458', 1, 0),
('904123299691368468', 1, 0),
('904142417505165315', 1, 0),
('904251402296107018', 1, 0),
('904514646671777852', 1, 0),
('904541691518804049', 1, 0),
('904580714018791457', 1, 0),
('904882552647614524', 1, 0),
('904886360245162085', 1, 0),
('905557313639813140', 1, 0),
('906084340096716801', 1, 0),
('906333565845909514', 1, 0),
('909598749423190047', 1, 0),
('910621116630978640', 1, 0),
('913796749750054973', 1, 0),
('914239658785902632', 1, 0),
('914868934518382594', 1, 0),
('915321526457348116', 1, 0),
('915561921133031434', 1, 0),
('916479260678570005', 1, 0),
('916649776706125834', 1, 0),
('918762300540858379', 1, 0),
('920131353687756861', 1, 0),
('920730324781137990', 1, 0),
('920816514079264769', 1, 0),
('921085275189432390', 1, 0),
('922904313209192498', 1, 0),
('923093074543005777', 1, 0),
('923270702583402547', 1, 0),
('923784161267965974', 1, 0),
('923995203566723082', 1, 0),
('924342361805434950', 1, 0),
('925218291872563211', 1, 0),
('925218560844910612', 1, 0),
('925323820179542068', 1, 0),
('925633847905898527', 1, 0),
('925880284266774528', 1, 0),
('925905932133744751', 1, 0),
('928008560263192616', 1, 0),
('928011302562045972', 1, 0),
('928752959402160180', 1, 0),
('929195085759905813', 1, 0),
('930011061623607336', 1, 0),
('930589446628335686', 1, 0),
('930643346173620224', 1, 0),
('930676601690136587', 1, 0),
('931563994282614834', 1, 0),
('931771668819509318', 1, 0),
('931814192674127914', 1, 0),
('931830320431517717', 1, 0),
('932129540749279312', 1, 0),
('932704369625927720', 1, 0),
('932751814711976056', 1, 0),
('932796321822298172', 1, 0),
('932796534704181289', 1, 0),
('933151814474432582', 1, 0),
('933799709879963728', 1, 0);

-- --------------------------------------------------------

--
-- Table structure for table `ships`
--

CREATE TABLE `ships` (
  `id` int(11) NOT NULL,
  `name` text DEFAULT NULL,
  `crewCapacity` int(11) DEFAULT NULL,
  `amountOfSails` int(11) DEFAULT NULL
) ENGINE=InnoDB DEFAULT CHARSET=latin1;

-- --------------------------------------------------------

--
-- Table structure for table `users`
--

CREATE TABLE `users` (
  `user_id` varchar(255) NOT NULL,
  `name` varchar(255) NOT NULL,
  `glizzys` int(11) NOT NULL DEFAULT 0,
  `xp` double NOT NULL DEFAULT 0,
  `level` int(11) NOT NULL DEFAULT 0,
  `daily` timestamp NOT NULL DEFAULT '2001-09-28 23:00:00',
  `streak` int(11) NOT NULL DEFAULT 0,
  `voiceGlizzys` int(11) NOT NULL DEFAULT 0,
  `challenge_votes_received` int(11) NOT NULL DEFAULT 0,
  `time_in_voice` int(11) NOT NULL DEFAULT 0,
  `text_posts` int(11) NOT NULL DEFAULT 0,
  `challenge_posts` int(11) NOT NULL DEFAULT 0,
  `challenge_wins` int(11) NOT NULL DEFAULT 0,
  `highlights_given` int(11) NOT NULL DEFAULT 0,
  `highlights_received` int(11) NOT NULL DEFAULT 0,
  `reactions_given` int(11) NOT NULL DEFAULT 0,
  `reactions_received` int(11) NOT NULL DEFAULT 0,
  `glizzys_traded` int(11) NOT NULL DEFAULT 0,
  `dailies` int(11) NOT NULL DEFAULT 0,
  `rep_level` int(11) NOT NULL DEFAULT 1,
  `challenge_votes` int(11) NOT NULL DEFAULT 0,
  `text_posts_daily` int(11) NOT NULL DEFAULT 0,
  `reacts_daily` int(11) NOT NULL DEFAULT 0,
  `reacted_daily` int(11) NOT NULL DEFAULT 0,
  `christmas_2021` tinyint(1) NOT NULL DEFAULT 0,
  `free_highlights` int(11) NOT NULL DEFAULT 0
) ENGINE=InnoDB DEFAULT CHARSET=latin1;

--
-- Dumping data for table `users`
--

INSERT INTO `users` (`user_id`, `name`, `glizzys`, `xp`, `level`, `daily`, `streak`, `voiceGlizzys`, `challenge_votes_received`, `time_in_voice`, `text_posts`, `challenge_posts`, `challenge_wins`, `highlights_given`, `highlights_received`, `reactions_given`, `reactions_received`, `glizzys_traded`, `dailies`, `rep_level`, `challenge_votes`, `text_posts_daily`, `reacts_daily`, `reacted_daily`, `christmas_2021`, `free_highlights`) VALUES
('104783625374994432', 'Alex', 0, 0, 0, '2001-09-28 23:00:00', 0, 200, 0, 0, 1, 0, 0, 0, 0, 0, 0, 0, 0, 1, 0, 0, 0, 0, 0, 0),
('113017811021942784', 'AryaHailie', 416, 4.173172536389961, 0, '2001-09-28 23:00:00', 0, 200, 0, 414, 10, 0, 0, 0, 0, 0, 3, 0, 0, 1, 0, 0, 0, 0, 0, 0),
('113187628341350400', 'Aly', 5, 0.0048000000018107725, 0, '2001-09-28 23:00:00', 0, 200, 0, 197, 2, 0, 0, 0, 0, 0, 0, 0, 0, 1, 0, 0, 0, 0, 0, 0),
('116765791516360706', 'GLIZZY POLICE', 3734, 552.5108557290348, 59, '2022-01-19 00:00:00', 1, 200, 36, 1963, 1274, 14, 4, 0, 10, 520, 310, 0, 10, 4, 0, 0, 0, 0, 1, 1),
('117760448912293891', 'Penicillen', 10614, 1208.9720050146982, 81, '2022-01-22 00:00:00', 24, 200, 126, 43111, 5156, 37, 16, 31, 28, 673, 945, 19474, 157, 9, 0, 3, 0, 0, 1, 0),
('120609132322619393', 'PreciousBearHoldingTangents', 201, 0.002800000001076469, 0, '2001-09-28 23:00:00', 0, 200, 0, 128, 0, 0, 0, 0, 0, 0, 0, 0, 0, 1, 0, 0, 0, 0, 0, 0),
('131560190498570240', 'Vvviewtiful', 205, 0.001600000000602314, 0, '2001-09-28 23:00:00', 0, 200, 0, 0, 1, 0, 0, 0, 0, 0, 0, 0, 0, 1, 0, 0, 0, 0, 0, 0),
('133066681328074752', 'keeks!', 0, 0.0003774772269110327, 0, '2001-09-28 23:00:00', 0, 200, 0, 193, 1, 0, 0, 0, 0, 0, 3, 0, 0, 1, 0, 0, 0, 0, 0, 0),
('152649083163508736', 'The.Dying.King', 564, 0, 0, '2021-07-23 10:00:00', 3, 200, 0, 0, 0, 0, 0, 0, 0, 0, 0, 0, 0, 1, 0, 0, 0, 0, 0, 0),
('154885132791054336', 'TJ R', 0, 0, 0, '2001-09-28 23:00:00', 0, 200, 0, 0, 1, 0, 0, 0, 0, 0, 0, 0, 0, 1, 0, 0, 0, 0, 0, 0),
('161661353680044033', 'Mousepadcoffee', 1957, 0.006441685971683014, 0, '2001-09-28 23:00:00', 0, 200, 0, 952, 34, 0, 0, 0, 0, 3, 1, 0, 0, 1, 0, 0, 0, 0, 0, 0),
('163100538538426370', 'Tychon', 217, 0.017592658841759555, 0, '2001-09-28 23:00:00', 0, 200, 0, 97, 9, 0, 0, 0, 0, 0, 1, 0, 0, 1, 0, 0, 0, 0, 0, 0),
('168439385157533696', 'hsgvuyha', 10389, 0.00941412433091967, 80, '2021-12-28 00:00:00', 20, 200, 146, 44077, 1962, 47, 9, 1, 7, 251, 253, 0, 109, 1, 0, 0, 0, 0, 1, 1),
('169220617260892160', 'Mandapanda', 0, 0, 0, '2001-09-28 23:00:00', 0, 200, 0, 46, 0, 0, 0, 0, 0, 0, 0, 0, 0, 1, 0, 0, 0, 0, 0, 0),
('170723840832438273', 'jeyo123', 302, 755.2349374841193, 57, '2022-01-21 00:00:00', 23, 200, 28, 3984, 371, 7, 3, 1, 1, 29, 43, 500, 92, 6, 0, 0, 0, 0, 1, 0),
('177631883834818561', 'ANKI', 8087, 657.1269353473836, 55, '2001-09-28 23:00:00', 0, 200, 41, 30534, 623, 11, 4, 0, 4, 103, 171, 0, 0, 5, 0, 0, 0, 0, 0, 0),
('181215147115806722', 'Luke F', 7558, 0.006767791893018092, 0, '2001-09-28 23:00:00', 0, 200, 0, 3542, 52, 0, 0, 0, 2, 2, 25, 0, 0, 1, 0, 0, 0, 0, 0, 0),
('190296809749348352', 'rainmaster', 599, 0.011888287762251336, 0, '2001-09-28 23:00:00', 0, 200, 0, 700, 4, 0, 0, 0, 0, 1, 0, 0, 0, 1, 0, 0, 0, 0, 0, 0),
('202192046860009472', 'cornymccoy', 189, 0.0018000000017031892, 0, '2001-09-28 23:00:00', 0, 200, 0, 113, 1, 0, 0, 0, 0, 0, 0, 0, 0, 1, 0, 0, 0, 0, 0, 0),
('205784875192549376', 'Jarl of Winco', 0, 0, 0, '2001-09-28 23:00:00', 0, 200, 0, 0, 0, 0, 0, 0, 0, 0, 0, 0, 0, 1, 0, 0, 0, 0, 0, 0),
('209896849409179648', 'BackWoodz', 11898, 704.9965729280469, 50, '2022-01-13 00:00:00', 2, 200, 14, 46687, 912, 3, 2, 0, 3, 96, 71, 0, 13, 5, 0, 0, 0, 0, 0, 0),
('221741012811382784', 'NippleSnow', 854, 214.22977595553735, 0, '2001-09-28 23:00:00', 0, 200, 0, 515, 20, 0, 0, 0, 0, 9, 1, 0, 0, 2, 0, 0, 0, 0, 0, 0),
('226551305462743041', 'Java Lava', 5895, 1134.8750833593697, 90, '2022-01-21 00:00:00', 98, 200, 389, 24946, 8333, 118, 42, 17, 26, 516, 1335, 31000, 141, 8, 0, 0, 0, 0, 1, 0),
('227226604051496960', 'complex', 457, 0.015738461525390234, 0, '2001-09-28 23:00:00', 0, 200, 0, 202, 2, 0, 0, 0, 0, 1, 0, 0, 0, 1, 0, 0, 0, 0, 0, 0),
('228537642583588864', 'Vexera', 3959, 0.00870880015701244, 0, '2001-09-28 23:00:00', 0, 200, 0, 2962, 0, 0, 0, 0, 0, 0, 0, 0, 0, 1, 0, 0, 0, 0, 0, 0),
('234395307759108106', 'Groovy', 7283, 0.0039521230283584285, 0, '2001-09-28 23:00:00', 0, 200, 0, 3862, 0, 0, 0, 0, 0, 0, 0, 0, 0, 1, 0, 0, 0, 0, 0, 0),
('235088799074484224', 'Rythm', 3703, 0.006000000504133268, 0, '2001-09-28 23:00:00', 0, 200, 0, 1996, 0, 0, 0, 0, 0, 0, 0, 0, 0, 1, 0, 0, 0, 0, 0, 0),
('236654190795948033', 'gina', 16, 0.01096489993485069, 0, '2001-09-28 23:00:00', 0, 200, 0, 163, 10, 0, 0, 0, 0, 0, 3, 0, 0, 1, 0, 0, 0, 0, 0, 0),
('244458437281447936', 'Daviiid', 0, 0, 0, '2001-09-28 23:00:00', 0, 200, 0, 98, 1, 0, 0, 0, 0, 0, 0, 0, 0, 1, 0, 0, 0, 0, 0, 0),
('246085834397319178', 'Swan_Flyer', 20330, 906.9932006268051, 69, '2022-01-21 00:00:00', 38, 200, 184, 20096, 1451, 55, 20, 7, 13, 263, 376, 0, 132, 7, 0, 0, 0, 0, 1, 0),
('249418109851533312', 'lunar †', 0, 0, 0, '2001-09-28 23:00:00', 0, 200, 0, 0, 1, 0, 0, 0, 0, 0, 0, 0, 0, 1, 0, 0, 0, 0, 0, 0),
('253701232722444289', 'Ampex', 91864, 711.0155587849796, 5, '2022-01-21 00:00:00', 180, 200, 12, 28858, 653, 3, 1, 2, 4, 161, 66, 17869, 156, 5, 0, 0, 0, 0, 1, 1),
('253715512591253504', 'Rafty', 924, 0.010399999989178253, 0, '2001-09-28 23:00:00', 0, 200, 0, 573, 0, 0, 0, 0, 0, 0, 0, 0, 0, 1, 0, 0, 0, 0, 0, 0),
('254812783193882634', 'oldman', 13638, 398.81400393410144, 2, '2001-09-28 23:00:00', 0, 200, 7, 17379, 18, 2, 1, 0, 0, 5, 7, 0, 0, 3, 0, 0, 0, 0, 1, 1),
('261307918111080449', 's1lentchaos', 339, 0.002380366077648105, 0, '2001-09-28 23:00:00', 0, 200, 3, 283, 2, 1, 0, 0, 0, 0, 5, 0, 0, 1, 0, 0, 0, 0, 0, 0),
('278008751561244673', 'lolwat808', 8, 0, 0, '2001-09-28 23:00:00', 0, 200, 0, 0, 0, 0, 0, 0, 0, 0, 0, 0, 0, 1, 0, 0, 0, 0, 0, 0),
('293929486678884353', 'Brandaroonie', 16, 0.0005204305555416011, 0, '2001-09-28 23:00:00', 0, 200, 0, 0, 7, 0, 0, 0, 0, 0, 2, 0, 0, 1, 0, 0, 0, 0, 0, 0),
('300810176934445059', 'Soup!', 3, 0.0032000000015658114, 0, '2001-09-28 23:00:00', 0, 200, 0, 0, 1, 0, 0, 0, 0, 2, 1, 0, 0, 1, 0, 0, 0, 0, 0, 0),
('312796957368123402', 'traplordwinston', 43635, 697.5267446294871, 70, '2022-01-21 00:00:00', 3, 200, 104, 25134, 904, 27, 9, 0, 5, 78, 218, 0, 145, 5, 0, 0, 0, 0, 1, 1),
('317795962208649216', 'sugarcookie', 0, 0, 0, '2001-09-28 23:00:00', 0, 200, 0, 11, 1, 0, 0, 0, 0, 0, 0, 0, 0, 1, 0, 0, 0, 0, 0, 0),
('322435175722254336', 'Rorahaley', 3264, 0.007924100835867996, 0, '2001-09-28 23:00:00', 0, 200, 0, 3585, 9, 0, 0, 0, 0, 0, 2, 0, 0, 1, 0, 0, 0, 0, 0, 0),
('337632617811935232', 'Mochi', 2, 0.017754954453937398, 0, '2001-09-28 23:00:00', 0, 200, 0, 163, 3, 0, 0, 0, 0, 0, 0, 0, 0, 1, 0, 0, 0, 0, 0, 0),
('337739894501670912', '420_Strawbee Milk', 288, 1088.3642221025857, 60, '2022-01-21 00:00:00', 38, 200, 256, 6085, 4203, 81, 23, 23, 11, 489, 543, 7001, 131, 8, 0, 0, 0, 1, 1, 0),
('342831103972868098', 'Zen0', 0, 0.001600000000602314, 0, '2001-09-28 23:00:00', 0, 200, 0, 0, 0, 0, 0, 0, 0, 0, 0, 0, 0, 1, 0, 0, 0, 0, 0, 0),
('356864515448635403', 'Trine', 828, 0.011364574431790585, 0, '2001-09-28 23:00:00', 0, 200, 0, 2164, 8, 0, 0, 0, 0, 0, 0, 0, 0, 1, 0, 0, 0, 0, 0, 0),
('382958058441146368', 'm000dles', 0, 0.005720052354753008, 0, '2001-09-28 23:00:00', 0, 200, 0, 26, 1, 0, 0, 0, 0, 0, 6, 0, 0, 1, 0, 0, 0, 0, 0, 0),
('396006968558485504', 'Golden Fennec', 1364, 0.0017355963608970126, 0, '2001-09-28 23:00:00', 0, 200, 0, 529, 71, 0, 0, 0, 0, 1, 6, 0, 0, 1, 0, 0, 0, 0, 0, 0),
('403750666545135618', 'mahlondick', 1116, 0.01634705304257541, 0, '2001-09-28 23:00:00', 0, 200, 0, 907, 55, 0, 0, 0, 0, 2, 0, 0, 0, 1, 0, 0, 0, 0, 0, 0),
('410560059618361364', 'Inferno', 20245, 43.192839205930476, 0, '2021-08-12 00:00:00', 1, 200, 5, 12860, 131, 1, 1, 0, 0, 9, 30, 0, 0, 1, 0, 0, 0, 0, 1, 1),
('412092567237165067', 'Whammie', 942, 66.21079999998796, 0, '2001-09-28 23:00:00', 0, 200, 0, 432, 0, 0, 0, 0, 0, 0, 0, 0, 0, 1, 0, 0, 0, 0, 0, 0),
('420076757060681738', 'quinny', 10407, 498.9384230759769, 0, '2022-01-22 00:00:00', 4, 200, 16, 116, 77, 3, 1, 0, 0, 11, 15, 0, 41, 4, 0, 1, 0, 0, 1, 1),
('433421083534950402', 'Sinner', 0, 0, 0, '2001-09-28 23:00:00', 0, 200, 0, 0, 1, 0, 0, 0, 0, 0, 0, 0, 0, 1, 0, 0, 0, 0, 0, 0),
('437323672341053452', 'HectoFecto', 423, 0.012000000002388843, 0, '2001-09-28 23:00:00', 0, 200, 0, 480, 0, 0, 0, 0, 0, 0, 0, 0, 0, 1, 0, 0, 0, 0, 0, 0),
('450077187400269824', 'Branipoo', 0, 0.0008000000001210095, 0, '2001-09-28 23:00:00', 0, 200, 0, 70, 1, 0, 0, 0, 0, 1, 0, 0, 0, 1, 0, 0, 0, 0, 0, 0),
('451138476172378112', 'Outlaw', 215, 0.004199999999953213, 0, '2001-09-28 23:00:00', 0, 200, 0, 5, 0, 0, 0, 0, 0, 0, 0, 0, 0, 1, 0, 0, 0, 0, 0, 0),
('461625512008220673', 'Gunner', 500, 0.001600000000602314, 0, '2001-09-28 23:00:00', 0, 200, 0, 0, 0, 0, 0, 0, 2, 0, 1, 0, 0, 1, 0, 0, 0, 0, 0, 0),
('468643508333576192', 'mikaylauwu', 10586, 1059.8404745885691, 70, '2022-01-22 00:00:00', 114, 200, 277, 29475, 5311, 76, 30, 37, 19, 421, 772, 6069, 154, 7, 0, 1, 0, 0, 1, 0),
('471739234638757898', 'Rushz', 250, 0.0008000000001210095, 0, '2001-09-28 23:00:00', 0, 200, 0, 0, 0, 0, 0, 0, 1, 0, 0, 0, 0, 1, 0, 0, 0, 0, 0, 0),
('483377420494176258', 'botify', 3387, 0.007527999991683153, 0, '2001-09-28 23:00:00', 0, 200, 0, 3136, 0, 0, 0, 0, 0, 0, 0, 0, 0, 1, 0, 0, 0, 0, 0, 0),
('490307164624125973', 'Benjamin|Bell', 201, 0, 0, '2001-09-28 23:00:00', 0, 200, 0, 0, 0, 0, 0, 0, 0, 0, 0, 0, 0, 1, 0, 0, 0, 0, 0, 0),
('512496137530376193', 'SluggCam', 124, 0.0006547928538672421, 0, '2001-09-28 23:00:00', 0, 200, 0, 164, 11, 0, 0, 0, 0, 0, 0, 0, 0, 1, 0, 0, 0, 0, 0, 0),
('528013451944001575', '6kota9', 11049, 29.00787970261544, 0, '2021-10-13 00:00:00', 2, 200, 21, 1207, 224, 9, 2, 0, 0, 101, 64, 0, 10, 1, 0, 0, 0, 0, 0, 0),
('542927749149491210', 'JonG652', 0, 0, 0, '2001-09-28 23:00:00', 0, 200, 0, 133, 1, 0, 0, 0, 0, 0, 0, 0, 0, 1, 0, 0, 0, 0, 0, 0),
('547905866255433758', 'Hydra', 7289, 76.75178666669885, 0, '2001-09-28 23:00:00', 0, 200, 0, 7611, 0, 0, 0, 0, 0, 0, 0, 0, 0, 1, 0, 0, 0, 0, 0, 0),
('561443690510286848', 'Vacuity', 54699, 1034.4214243629733, 10, '2022-01-22 00:00:00', 98, 200, 123, 1007, 1214, 36, 12, 6, 4, 144, 301, 0, 156, 7, 0, 3, 0, 0, 1, 0),
('562774786715942912', 'Zom', 9573, 630.3802944280503, 54, '2022-01-22 00:00:00', 2, 200, 85, 5752, 1044, 33, 6, 1, 4, 95, 149, 900, 90, 5, 1, 2, 1, 0, 1, 0),
('620010720054214667', 'Pines', 637, 0.012660795638839671, 1, '2021-11-07 00:00:00', 1, 200, 0, 354, 30, 0, 0, 0, 1, 4, 8, 0, 1, 1, 0, 0, 0, 0, 0, 0),
('620442722691710988', 'mamimilkers', 1538, 0.007065456604439767, 0, '2001-09-28 23:00:00', 0, 200, 0, 171, 10, 0, 0, 0, 0, 9, 1, 0, 0, 1, 0, 0, 0, 0, 0, 0),
('622045130890805269', 'SweetestSIN', 220, 0.01000469285907276, 0, '2001-09-28 23:00:00', 0, 200, 0, 110, 10, 0, 0, 0, 0, 15, 4, 0, 0, 1, 0, 0, 0, 0, 0, 0),
('641508148422639616', 'Bendrinkingokolehao', 343, 0.017799999999520776, 0, '2001-09-28 23:00:00', 0, 200, 0, 168, 1, 0, 0, 0, 0, 1, 0, 0, 0, 1, 0, 0, 0, 0, 0, 0),
('642114496357335050', 'HarmonyWatch', 20194, 0.013324342199029969, 0, '2021-09-14 00:00:00', 24, 200, 0, 3966, 349, 0, 0, 0, 2, 67, 29, 900, 25, 1, 0, 0, 0, 0, 0, 0),
('643002203162017828', 'Vidjyagamer', 0, 0, 0, '2001-09-28 23:00:00', 0, 200, 0, 0, 0, 0, 0, 0, 0, 0, 0, 0, 0, 1, 0, 0, 0, 0, 0, 0),
('685378790867992618', 'Slugg', 10004, 874.7142984702298, 69, '2022-01-22 00:00:00', 110, 200, 16, 8991, 1858, 6, 1, 0, 0, 256, 64, 0, 110, 6, 0, 1, 0, 0, 1, 1),
('700153410393210892', 'kyraku', 0, 0, 0, '2001-09-28 23:00:00', 0, 200, 0, 0, 1, 0, 0, 0, 0, 0, 0, 0, 0, 1, 0, 0, 0, 0, 0, 0),
('706035843051290655', 'Zarxues', 0, 0, 0, '2001-09-28 23:00:00', 0, 200, 0, 37, 1, 0, 0, 0, 0, 0, 0, 0, 0, 1, 0, 0, 0, 0, 0, 0),
('711058332512944178', 'hildogz', 5672, 1006.0578271716655, 73, '2022-01-21 00:00:00', 101, 200, 109, 22488, 3140, 40, 5, 33, 6, 1747, 243, 6000, 150, 7, 0, 0, 0, 0, 1, 0),
('776675757299859466', 'AlbertSUN', 876, 0.010617601132675146, 0, '2001-09-28 23:00:00', 0, 200, 0, 482, 10, 0, 0, 0, 0, 0, 1, 0, 0, 1, 0, 0, 0, 0, 0, 0),
('819964937865527366', 'Glizzy Gobbler', 0, 0, 0, '2001-09-28 23:00:00', 0, 200, 0, 0, 0, 0, 0, 0, 0, 0, 0, 0, 0, 1, 0, 0, 0, 0, 0, 0),
('846267611011874847', 'The Ampex Cam', 10374, 136.86532972277215, 0, '2001-09-28 23:00:00', 0, 200, 0, 16895, 6, 0, 0, 0, 0, 1, 0, 0, 0, 1, 0, 0, 0, 0, 0, 0),
('875246328966438932', 'whiteporcelaintrash', 3, 0.0013999999999989403, 0, '2001-09-28 23:00:00', 0, 200, 0, 1, 1, 0, 0, 0, 0, 0, 0, 0, 0, 1, 0, 0, 0, 0, 0, 0),
('906021392171012096', 'jesterpunk', 583, 246.57568053525722, 0, '2001-09-28 23:00:00', 0, 200, 0, 969, 10, 0, 0, 0, 0, 1, 3, 0, 0, 2, 0, 0, 0, 0, 0, 0),
('929132922143924285', 'Mil3stone', 1032, 193.93912000000049, 0, '2001-09-28 23:00:00', 0, 200, 0, 1296, 4, 0, 0, 0, 0, 0, 1, 0, 0, 2, 0, 0, 0, 0, 0, 0),
('99754494325186560', 'yunghentai', 0, 0, 0, '2001-09-28 23:00:00', 0, 200, 0, 53, 1, 0, 0, 0, 0, 0, 0, 0, 0, 1, 0, 0, 0, 0, 0, 0);

-- --------------------------------------------------------

--
-- Table structure for table `user_xps`
--

CREATE TABLE `user_xps` (
  `user_id` varchar(255) NOT NULL,
  `user_name` varchar(255) NOT NULL,
  `textXp_daily` double NOT NULL DEFAULT 0,
  `reactXp_daily` double NOT NULL DEFAULT 0,
  `cotdXp_daily` double NOT NULL DEFAULT 0,
  `voiceXp_daily` double NOT NULL DEFAULT 0,
  `xp_daily` double NOT NULL DEFAULT 0,
  `decay_daily` double NOT NULL DEFAULT 0,
  `textXp_weekly` double NOT NULL DEFAULT 0,
  `reactXp_weekly` double NOT NULL DEFAULT 0,
  `cotdXp_weekly` double NOT NULL DEFAULT 0,
  `voiceXp_weekly` double NOT NULL DEFAULT 0,
  `xp_weekly` double NOT NULL DEFAULT 0,
  `decay_weekly` double NOT NULL DEFAULT 0
) ENGINE=InnoDB DEFAULT CHARSET=latin1;

--
-- Dumping data for table `user_xps`
--

INSERT INTO `user_xps` (`user_id`, `user_name`, `textXp_daily`, `reactXp_daily`, `cotdXp_daily`, `voiceXp_daily`, `xp_daily`, `decay_daily`, `textXp_weekly`, `reactXp_weekly`, `cotdXp_weekly`, `voiceXp_weekly`, `xp_weekly`, `decay_weekly`) VALUES
('117760448912293891', 'Penicillen', 41.14668073216015, 0, 0, 0, 41.14668073216015, 4.901727935999999, 249.79904442080976, 144.6185520020593, 245, 468.6666666666667, 1107.5007027718561, 30973.61230018333),
('209896849409179648', 'BackWoodz', 0, 0, 0, 0, 0, 1.6434364800000003, 41.14668073216015, 0.20074068361168054, 0, 271, 337.3474214157718, 14775.971900992743),
('246085834397319178', 'Swan_Flyer', 0, 0, 0, 0, 0, 3.2211355007999964, 110.9425950591612, 67.6618795752519, 119, 201, 499.41352128131615, 21273.087600295963),
('468643508333576192', 'mikaylauwu', 25, 0, 0, 0, 25, 3.2211355007999964, 186.13279550651174, 151.75458329032196, 146, 268, 751.0783321499308, 30650.983557892996),
('177631883834818561', 'ANKI', 0, 0, 0, 0, 0, 1.6434364800000003, 25, 5.076577477226472, 0, 437.6666666666667, 467.74324414389315, 10071.419256952811),
('116765791516360706', 'GLIZZY POLICE', 0, 0, 0, 0, 0, 1.173883199999999, 145.92250952884956, 81.71517472793708, 0, 0, 227.63768425678657, 9379.848134626736),
('168439385157533696', 'hsgvuyha', 0, 0, 0, 0, 0, 0, 0, 0, 0, 0, 0, 21015.487951141768),
('170723840832438273', 'jeyo123', 0, 0, 0, 0, 0, 2.3008110719999983, 132.19919084783604, 33.04119619072958, 146, 52, 363.2403870385656, 6790.723902996518),
('181215147115806722', 'Luke F', 0, 0, 0, 0, 0, 0, 25, 0, 0, 0, 25, 1973.0649360045381),
('226551305462743041', 'Java Lava', 0, 0, 0, 0, 0, 4.509589701119998, 228.3708455996268, 193.31189707652635, 267, 314, 1008.3428804710595, 36545.13070368096),
('227226604051496960', 'complex', 0, 0, 0, 0, 0, 0, 0, 0, 0, 0, 0, 81.43080000000388),
('228537642583588864', 'Vexera', 0, 0, 0, 0, 0, 0, 0, 0, 0, 67, 67, 1525.292851202576),
('234395307759108106', 'Groovy', 0, 0, 0, 0, 0, 0, 0, 0, 0, 0, 0, 738.3827999997633),
('235088799074484224', 'Rythm', 0, 0, 0, 0, 0, 0, 0, 0, 0, 0, 0, 1172.8230000004903),
('253701232722444289', 'Ampex', 0, 0, 0, 0, 0, 1.6434364800000003, 121.2405760437469, 0, 0, 220, 341.2405760437469, 14262.71738265851),
('253715512591253504', 'Rafty', 0, 0, 0, 0, 0, 0, 0, 0, 0, 0, 0, 372.81839999991695),
('312796957368123402', 'traplordwinston', 0, 0, 0, 0, 0, 1.6434364800000003, 98.3553122669255, 37.994281542319115, 15, 275, 426.3495938092446, 16527.379975341246),
('337739894501670912', '420_Strawbee Milk', 0, 12.5, 0, 0, 12.5, 4.509589701119998, 223.00891785365593, 214.3831815414738, 261, 82, 780.3920993951302, 25374.132757233972),
('410560059618361364', 'Inferno', 0, 0, 0, 0, 0, 0.42780000000000007, 48.355312266925495, 0, 0, 0, 48.355312266925495, 4633.832314560656),
('528013451944001575', '6kota9', 0, 0, 0, 0, 0, 0.42780000000000007, 0, 0, 0, 0, 0, 1974.8398819250142),
('561443690510286848', 'Vacuity', 41.14668073216015, 0, 0, 0, 41.14668073216015, 3.2211355007999964, 262.70330349319266, 197.7050777340146, 174, 67, 676.4083812272075, 13236.33732071095),
('562774786715942912', 'Zom', 35.153154954452944, 12.5, 15, 0, 62.653154954452944, 1.6434364800000003, 146.60614559551897, 25, 86, 15, 272.60614559551897, 13478.623140547768),
('642114496357335050', 'HarmonyWatch', 0, 0, 0, 0, 0, 0, 0, 0, 0, 0, 0, 1665.9895543704365),
('711058332512944178', 'hildogz', 0, 0, 0, 0, 0, 3.2211355007999964, 216.91340334453056, 118.20955765597361, 109, 167, 611.1229610005046, 27395.31323004143),
('846267611011874847', 'The Ampex Cam', 0, 0, 0, 0, 0, 0.42780000000000007, 0, 0, 0, 134, 134, 3037.175876155319),
('254812783193882634', 'oldman', 0, 0, 0, 0, 0, 0.8384880000000003, 0, 0, 0, 201, 201, 3825.162733442604),
('403750666545135618', 'mahlondick', 0, 0, 0, 0, 0, 0, 0, 0, 0, 0, 0, 660.4884093694535),
('382958058441146368', 'm000dles', 0, 0, 0, 0, 0, 0, 0, 0, 0, 0, 0, 25.388999999999385),
('133066681328074752', 'keeks!', 0, 0, 0, 0, 0, 0, 0, 0, 0, 0, 0, 30.076199999999204),
('261307918111080449', 's1lentchaos', 0, 0, 0, 0, 0, 0, 0, 0, 0, 0, 0, 216.5523599999846),
('161661353680044033', 'Mousepadcoffee', 0, 0, 0, 0, 0, 0, 0, 0, 0, 0, 0, 799.6139999997375),
('322435175722254336', 'Rorahaley', 0, 0, 0, 0, 0, 0, 0, 0, 0, 0, 0, 794.3315999997398),
('620442722691710988', 'mamimilkers', 0, 0, 0, 0, 0, 0, 0, 0, 0, 0, 0, 65.23019999999832),
('641508148422639616', 'Bendrinkingokolehao', 0, 0, 0, 0, 0, 0, 0, 0, 0, 0, 0, 173.48220000000074),
('396006968558485504', 'Golden Fennec', 0, 0, 0, 0, 0, 0, 0, 0, 0, 0, 0, 1092.7872000000348),
('471739234638757898', 'Rushz', 0, 0, 0, 0, 0, 0, 0, 0, 0, 0, 0, 12.49919999999988),
('236654190795948033', 'gina', 0, 0, 0, 0, 0, 0, 0, 0, 0, 0, 0, 48.3599999999985),
('300810176934445059', 'Soup!', 0, 0, 0, 0, 0, 0, 0, 0, 0, 0, 0, 49.99679999999844),
('547905866255433758', 'Hydra', 0, 0, 0, 0, 0, 0.42780000000000007, 0, 0, 0, 67, 67, 2352.818160001313),
('776675757299859466', 'AlbertSUN', 0, 0, 0, 0, 0, 0, 0, 0, 0, 0, 0, 70.30800000000006),
('342831103972868098', 'Zen0', 0, 0, 0, 0, 0, 0, 0, 0, 0, 0, 0, 24.9983999999994),
('356864515448635403', 'Trine', 0, 0, 0, 0, 0, 0, 0, 0, 0, 0, 0, 396.08699999990716),
('685378790867992618', 'Slugg', 25, 0, 0, 0, 25, 2.3008110719999983, 183.7045916345699, 63.79983568661309, 120, 103, 465.4278498439565, 16831.914201418524),
('483377420494176258', 'botify', 0, 0, 0, 0, 0, 0, 0, 0, 0, 0, 0, 1128.9924720002764),
('190296809749348352', 'rainmaster', 0, 0, 0, 0, 0, 0, 0, 0, 0, 0, 0, 268.9559999999606),
('512496137530376193', 'SluggCam', 0, 0, 0, 0, 0, 0, 0, 0, 0, 0, 0, 88.14540000000619),
('337632617811935232', 'Mochi', 0, 0, 0, 0, 0, 0, 0, 0, 0, 0, 0, 35.13539999999901),
('113187628341350400', 'Aly', 0, 0, 0, 0, 0, 0, 0, 0, 0, 0, 0, 74.99520000000167),
('706035843051290655', 'Zarxues', 0, 0, 0, 0, 0, 0, 0, 0, 0, 0, 0, 0),
('437323672341053452', 'HectoFecto', 0, 0, 0, 0, 0, 0, 0, 0, 0, 0, 0, 140.9880000000144),
('412092567237165067', 'Whammie', 0, 0, 0, 0, 0, 0.42780000000000007, 0, 0, 0, 112, 112, 247.7705999999695),
('131560190498570240', 'Vvviewtiful', 0, 0, 0, 0, 0, 0, 0, 0, 0, 0, 0, 24.9983999999994),
('461625512008220673', 'Gunner', 0, 0, 0, 0, 0, 0, 0, 0, 0, 0, 0, 24.9983999999994),
('622045130890805269', 'SweetestSIN', 0, 0, 0, 0, 0, 0, 0, 0, 0, 0, 0, 191.896199999993),
('317795962208649216', 'sugarcookie', 0, 0, 0, 0, 0, 0, 0, 0, 0, 0, 0, 0),
('154885132791054336', 'TJ R', 0, 0, 0, 0, 0, 0, 0, 0, 0, 0, 0, 0),
('620010720054214667', 'Pines', 0, 0, 0, 0, 0, 0, 0, 0, 0, 0, 0, 444.7631999998867),
('202192046860009472', 'cornymccoy', 0, 0, 0, 0, 0, 0, 0, 0, 0, 0, 0, 62.99819999999794),
('450077187400269824', 'Branipoo', 0, 0, 0, 0, 0, 0, 0, 0, 0, 0, 0, 12.49919999999988),
('542927749149491210', 'JonG652', 0, 0, 0, 0, 0, 0, 0, 0, 0, 0, 0, 0),
('420076757060681738', 'quinny', 25, 0, 0, 0, 25, 1.173883199999999, 110.15315495445294, 35.135071476662716, 79, 0, 224.28822643111567, 2273.519634239438),
('120609132322619393', 'PreciousBearHoldingTangents', 0, 0, 0, 0, 0, 0, 0, 0, 0, 0, 0, 66.99719999999893),
('113017811021942784', 'AryaHailie', 0, 0, 0, 0, 0, 0.42780000000000007, 0, 0, 0, 24, 24, 243.82739999997116),
('293929486678884353', 'Brandaroonie', 0, 0, 0, 0, 0, 0, 0, 0, 0, 0, 0, 112.80900000001466),
('221741012811382784', 'NippleSnow', 0, 0, 0, 0, 0, 0.5989199999999999, 25, 25.156961310384606, 0, 67, 117.1569613103846, 364.90968000008036),
('929132922143924285', 'Mil3stone', 0, 0, 0, 0, 0, 0.5989199999999999, 25, 2.9967628888536013, 0, 207, 234.9967628888536, 234.56087999998852),
('163100538538426370', 'Tychon', 0, 0, 0, 0, 0, 0, 0, 0, 0, 0, 0, 133.93860000001737),
('244458437281447936', 'Daviiid', 0, 0, 0, 0, 0, 0, 0, 0, 0, 0, 0, 0),
('906021392171012096', 'jesterpunk', 0, 0, 0, 0, 0, 0.5989199999999999, 96.05958305803371, 31.072630736696553, 0, 186, 313.1322137947302, 78.06047999999682),
('99754494325186560', 'yunghentai', 0, 0, 0, 0, 0, 0, 0, 0, 0, 0, 0, 0);

--
-- Indexes for dumped tables
--

--
-- Indexes for table `captains`
--
ALTER TABLE `captains`
  ADD PRIMARY KEY (`id`);

--
-- Indexes for table `exchanges`
--
ALTER TABLE `exchanges`
  ADD PRIMARY KEY (`id`);

--
-- Indexes for table `messages`
--
ALTER TABLE `messages`
  ADD PRIMARY KEY (`_id`);

--
-- Indexes for table `ships`
--
ALTER TABLE `ships`
  ADD PRIMARY KEY (`id`);

--
-- Indexes for table `users`
--
ALTER TABLE `users`
  ADD PRIMARY KEY (`user_id`);

--
-- AUTO_INCREMENT for dumped tables
--

--
-- AUTO_INCREMENT for table `captains`
--
ALTER TABLE `captains`
  MODIFY `id` int(11) NOT NULL AUTO_INCREMENT, AUTO_INCREMENT=5;

--
-- AUTO_INCREMENT for table `exchanges`
--
ALTER TABLE `exchanges`
  MODIFY `id` int(11) NOT NULL AUTO_INCREMENT;

--
-- AUTO_INCREMENT for table `ships`
--
ALTER TABLE `ships`
  MODIFY `id` int(11) NOT NULL AUTO_INCREMENT;
COMMIT;

/*!40101 SET CHARACTER_SET_CLIENT=@OLD_CHARACTER_SET_CLIENT */;
/*!40101 SET CHARACTER_SET_RESULTS=@OLD_CHARACTER_SET_RESULTS */;
/*!40101 SET COLLATION_CONNECTION=@OLD_COLLATION_CONNECTION */;
