-- phpMyAdmin SQL Dump
-- version 4.8.5
-- https://www.phpmyadmin.net/
--
-- Host: na05-sql.pebblehost.com
-- Generation Time: Feb 03, 2022 at 03:08 AM
-- Server version: 10.5.12-MariaDB-log
-- PHP Version: 7.2.34

SET SQL_MODE = "NO_AUTO_VALUE_ON_ZERO";
SET AUTOCOMMIT = 0;
START TRANSACTION;
SET time_zone = "+00:00";


/*!40101 SET @OLD_CHARACTER_SET_CLIENT=@@CHARACTER_SET_CLIENT */;
/*!40101 SET @OLD_CHARACTER_SET_RESULTS=@@CHARACTER_SET_RESULTS */;
/*!40101 SET @OLD_COLLATION_CONNECTION=@@COLLATION_CONNECTION */;
/*!40101 SET NAMES utf8mb4 */;

--
-- Database: `customer_203824_glizzys`
--

-- --------------------------------------------------------

--
-- Table structure for table `captains`
--

CREATE TABLE `captains` (
  `id` int(11) NOT NULL,
  `name` text DEFAULT NULL,
  `skillLevel` int(11) DEFAULT NULL
) ENGINE=InnoDB DEFAULT CHARSET=latin1;

--
-- Dumping data for table `captains`
--

INSERT INTO `captains` (`id`, `name`, `skillLevel`) VALUES
(4, 'Jack Sparrow', 4);

-- --------------------------------------------------------

--
-- Table structure for table `exchanges`
--

CREATE TABLE `exchanges` (
  `id` int(11) NOT NULL,
  `user_id` varchar(255) NOT NULL,
  `name` varchar(255) NOT NULL,
  `item_id` int(11) NOT NULL,
  `item_name` varchar(255) NOT NULL,
  `price` int(11) NOT NULL
) ENGINE=InnoDB DEFAULT CHARSET=latin1;

-- --------------------------------------------------------

--
-- Table structure for table `messages`
--

CREATE TABLE `messages` (
  `_id` varchar(255) NOT NULL,
  `highlight` tinyint(1) NOT NULL DEFAULT 0,
  `glizzys` int(11) NOT NULL DEFAULT 0
) ENGINE=InnoDB DEFAULT CHARSET=latin1;

--
-- Dumping data for table `messages`
--

INSERT INTO `messages` (`_id`, `highlight`, `glizzys`) VALUES
('803533852407627777', 1, 0),
('812149233540661249', 1, 0),
('824427440251207701', 1, 0),
('826161676894208061', 1, 0),
('826755041242251274', 1, 0),
('826885202634211389', 1, 0),
('826913153555103755', 1, 0),
('827084135116832818', 1, 0),
('827103517957292072', 1, 0),
('829532832052281385', 1, 0),
('829846474019307520', 1, 0),
('831417459595935744', 1, 0),
('834652530143002644', 1, 0),
('835350001185325076', 1, 0),
('839335945261809685', 1, 0),
('839792279333896204', 1, 0),
('843641309394370581', 1, 0),
('843695209920725022', 1, 0),
('844078688349192202', 1, 0),
('862242204348055553', 1, 0),
('862559976185397249', 1, 0),
('863013941616443402', 1, 0),
('863016109317554207', 1, 0),
('863017337363890186', 1, 0),
('863017745339252746', 1, 0),
('863100114537152524', 1, 0),
('864779704375312424', 1, 0),
('865472310717448192', 1, 0),
('867617788738666516', 1, 0),
('867947756248006696', 1, 0),
('867951161481760769', 1, 0),
('868041047735947274', 1, 0),
('868042535250042900', 1, 0),
('868045238135029780', 1, 0),
('868297020593549372', 1, 0),
('868303023871520799', 1, 0),
('868370490580959265', 1, 0),
('868759733144813598', 1, 0),
('868759833367691274', 1, 0),
('868760107914248192', 1, 0),
('868760110284021800', 1, 0),
('868779146757701633', 1, 0),
('869500886437752842', 1, 0),
('869980591381176360', 1, 0),
('870170167865385000', 1, 0),
('870207040935567370', 1, 0),
('870961411281530892', 1, 0),
('871439795136655380', 1, 0),
('871597687110250537', 1, 0),
('871938620125224970', 1, 0),
('872324933584306247', 1, 0),
('873027966886637628', 1, 0),
('873673645015334974', 1, 0),
('874407954542104606', 1, 0),
('874415264693895168', 1, 0),
('874524908741328986', 1, 0),
('874914588192297000', 1, 0),
('874973270481453116', 1, 0),
('874975154877374485', 1, 0),
('875271455456231424', 1, 0),
('876400163978108958', 1, 0),
('876407258043519006', 1, 0),
('877436766817226803', 1, 0),
('877675770133217360', 1, 0),
('877678674369994783', 1, 0),
('878008772570800128', 1, 0),
('878215050408652860', 1, 0),
('879644412416757810', 1, 0),
('880829586055790644', 1, 0),
('880851712544477275', 1, 0),
('882438024137408522', 1, 0),
('882445897621983252', 1, 0),
('882484223922040893', 1, 0),
('882907136751964160', 1, 0),
('883236327414460416', 1, 0),
('883458311436001350', 1, 0),
('883710504391024711', 1, 0),
('885907290132201544', 1, 0),
('887108657068773396', 1, 0),
('887991629984722984', 1, 0),
('888710433530343424', 1, 0),
('888711374975414313', 1, 0),
('889740681155846205', 1, 0),
('890078878817722378', 1, 0),
('891240148023541762', 1, 0),
('891571107507879956', 1, 0),
('891571425717133412', 1, 0),
('892260659243413564', 1, 0),
('892562588666331168', 1, 0),
('892636868997427251', 1, 0),
('892637097251450900', 1, 0),
('892991617772957736', 1, 0),
('893418419532222474', 1, 0),
('893699946082074685', 1, 0),
('894021560585838592', 1, 0),
('894367374390743091', 1, 0),
('894462532360732682', 1, 0),
('894501320659189790', 1, 0),
('895074669516947496', 1, 0),
('895167155346227260', 1, 0),
('896596885274513499', 1, 0),
('896871925429719060', 1, 0),
('896905353218895913', 1, 0),
('897630829931532300', 1, 0),
('897709580472184852', 1, 0),
('898061439527432192', 1, 0),
('898338799552176209', 1, 0),
('898416728504139777', 1, 0),
('899932134867894332', 1, 0),
('900083850372341831', 1, 0),
('900101683391123477', 1, 0),
('900254062002438174', 1, 0),
('900661452740898866', 1, 0),
('900971081257607228', 1, 0),
('901004568798842922', 1, 0),
('901353323372892161', 1, 0),
('901560472761942097', 1, 0),
('901605749392834590', 1, 0),
('901687841615130645', 1, 0),
('901701411144888321', 1, 0),
('901718754503843850', 1, 0),
('901958007561281607', 1, 0),
('902032158229680208', 1, 0),
('902169170630836254', 1, 0),
('902603461265358848', 1, 0),
('902701290394640384', 1, 0),
('902703136324583515', 1, 0),
('902715105953845299', 1, 0),
('903001781401972776', 1, 0),
('903076129726926848', 1, 0),
('903076858847985665', 1, 0),
('903096220480856095', 1, 0),
('903297803999129630', 1, 0),
('903672664932089936', 1, 0),
('903796405016080425', 1, 0),
('903957769147793458', 1, 0),
('904123299691368468', 1, 0),
('904142417505165315', 1, 0),
('904251402296107018', 1, 0),
('904514646671777852', 1, 0),
('904541691518804049', 1, 0),
('904580714018791457', 1, 0),
('904882552647614524', 1, 0),
('904886360245162085', 1, 0),
('905557313639813140', 1, 0),
('906084340096716801', 1, 0),
('906333565845909514', 1, 0),
('909598749423190047', 1, 0),
('910621116630978640', 1, 0),
('913796749750054973', 1, 0),
('914239658785902632', 1, 0),
('914868934518382594', 1, 0),
('915321526457348116', 1, 0),
('915561921133031434', 1, 0),
('916479260678570005', 1, 0),
('916649776706125834', 1, 0),
('918762300540858379', 1, 0),
('920131353687756861', 1, 0),
('920730324781137990', 1, 0),
('920816514079264769', 1, 0),
('921085275189432390', 1, 0),
('922904313209192498', 1, 0),
('923093074543005777', 1, 0),
('923270702583402547', 1, 0),
('923784161267965974', 1, 0),
('923995203566723082', 1, 0),
('924342361805434950', 1, 0),
('925218291872563211', 1, 0),
('925218560844910612', 1, 0),
('925323820179542068', 1, 0),
('925633847905898527', 1, 0),
('925880284266774528', 1, 0),
('925905932133744751', 1, 0),
('928008560263192616', 1, 0),
('928011302562045972', 1, 0),
('928752959402160180', 1, 0),
('929195085759905813', 1, 0),
('930011061623607336', 1, 0),
('930589446628335686', 1, 0),
('930643346173620224', 1, 0),
('930676601690136587', 1, 0),
('931563994282614834', 1, 0),
('931771668819509318', 1, 0),
('931814192674127914', 1, 0),
('931830320431517717', 1, 0),
('932129540749279312', 1, 0),
('932704369625927720', 1, 0),
('932751814711976056', 1, 0),
('932796321822298172', 1, 0),
('932796534704181289', 1, 0),
('933151814474432582', 1, 0),
('933799709879963728', 1, 0),
('933979092288679947', 1, 0),
('934199337687339040', 1, 0),
('934613482890993674', 1, 0),
('935077547996237834', 1, 0),
('935094555680841728', 1, 0),
('935377527113928736', 1, 0),
('935422730348658698', 1, 0),
('935793329063460904', 1, 0),
('935956084043177985', 1, 0),
('936537870439702528', 1, 0),
('936558682609709117', 1, 0),
('936761551183044699', 1, 0),
('936764914100502609', 1, 0),
('936828249298858005', 1, 0),
('936891692907384862', 1, 0),
('937035590334033920', 1, 0),
('938566700713013268', 1, 0);

-- --------------------------------------------------------

--
-- Table structure for table `ships`
--

CREATE TABLE `ships` (
  `id` int(11) NOT NULL,
  `name` text DEFAULT NULL,
  `crewCapacity` int(11) DEFAULT NULL,
  `amountOfSails` int(11) DEFAULT NULL
) ENGINE=InnoDB DEFAULT CHARSET=latin1;

-- --------------------------------------------------------

--
-- Table structure for table `users`
--

CREATE TABLE `users` (
  `user_id` varchar(255) NOT NULL,
  `name` varchar(255) NOT NULL,
  `glizzys` int(11) NOT NULL DEFAULT 0,
  `xp` double NOT NULL DEFAULT 0,
  `level` int(11) NOT NULL DEFAULT 0,
  `daily` timestamp NOT NULL DEFAULT '2001-09-28 23:00:00',
  `streak` int(11) NOT NULL DEFAULT 0,
  `voiceGlizzys` int(11) NOT NULL DEFAULT 0,
  `challenge_votes_received` int(11) NOT NULL DEFAULT 0,
  `time_in_voice` int(11) NOT NULL DEFAULT 0,
  `text_posts` int(11) NOT NULL DEFAULT 0,
  `challenge_posts` int(11) NOT NULL DEFAULT 0,
  `challenge_wins` int(11) NOT NULL DEFAULT 0,
  `highlights_given` int(11) NOT NULL DEFAULT 0,
  `highlights_received` int(11) NOT NULL DEFAULT 0,
  `reactions_given` int(11) NOT NULL DEFAULT 0,
  `reactions_received` int(11) NOT NULL DEFAULT 0,
  `glizzys_traded` int(11) NOT NULL DEFAULT 0,
  `dailies` int(11) NOT NULL DEFAULT 0,
  `rep_level` int(11) NOT NULL DEFAULT 1,
  `challenge_votes` int(11) NOT NULL DEFAULT 0,
  `text_posts_daily` int(11) NOT NULL DEFAULT 0,
  `reacts_daily` int(11) NOT NULL DEFAULT 0,
  `reacted_daily` int(11) NOT NULL DEFAULT 0,
  `christmas_2021` tinyint(1) NOT NULL DEFAULT 0,
  `free_highlights` int(11) NOT NULL DEFAULT 0
) ENGINE=InnoDB DEFAULT CHARSET=latin1;

--
-- Dumping data for table `users`
--

INSERT INTO `users` (`user_id`, `name`, `glizzys`, `xp`, `level`, `daily`, `streak`, `voiceGlizzys`, `challenge_votes_received`, `time_in_voice`, `text_posts`, `challenge_posts`, `challenge_wins`, `highlights_given`, `highlights_received`, `reactions_given`, `reactions_received`, `glizzys_traded`, `dailies`, `rep_level`, `challenge_votes`, `text_posts_daily`, `reacts_daily`, `reacted_daily`, `christmas_2021`, `free_highlights`) VALUES
('104783625374994432', 'Alex', 0, 0, 0, '2001-09-28 23:00:00', 0, 200, 0, 0, 1, 0, 0, 0, 0, 0, 0, 0, 0, 1, 0, 0, 0, 0, 0, 0),
('113017811021942784', 'AryaHailie', 629, 0.01057253639102814, 0, '2001-09-28 23:00:00', 0, 200, 0, 1132, 10, 0, 0, 0, 0, 0, 3, 0, 0, 1, 0, 0, 0, 0, 0, 0),
('113187628341350400', 'Aly', 5, 0.0048000000018107725, 0, '2001-09-28 23:00:00', 0, 200, 0, 197, 2, 0, 0, 0, 0, 0, 0, 0, 0, 1, 0, 0, 0, 0, 0, 0),
('116765791516360706', 'GLIZZY POLICE', 4773, 771.1299028956878, 59, '2022-02-03 00:00:00', 2, 200, 44, 1963, 1497, 15, 4, 1, 11, 554, 371, 0, 11, 6, 2, 6, 4, 3, 1, 0),
('117760448912293891', 'Penicillen', 5953, 1236.2593490028219, 86, '2022-02-04 00:00:00', 37, 200, 132, 46944, 6019, 38, 16, 34, 30, 758, 1050, 199499, 170, 9, 0, 53, 2, 6, 1, 0),
('120609132322619393', 'PreciousBearHoldingTangents', 202, 0.002800000001076469, 0, '2001-09-28 23:00:00', 0, 200, 0, 128, 0, 0, 0, 0, 0, 0, 0, 0, 0, 1, 0, 0, 0, 0, 0, 0),
('131560190498570240', 'Vvviewtiful', 205, 0.001600000000602314, 0, '2001-09-28 23:00:00', 0, 200, 0, 0, 1, 0, 0, 0, 0, 0, 0, 0, 0, 1, 0, 0, 0, 0, 0, 0),
('133066681328074752', 'keeks!', 0, 0.0003774772269110327, 0, '2001-09-28 23:00:00', 0, 200, 0, 193, 1, 0, 0, 0, 0, 0, 3, 0, 0, 1, 0, 0, 0, 0, 0, 0),
('152649083163508736', 'The.Dying.King', 564, 0, 0, '2021-07-23 10:00:00', 3, 200, 0, 0, 0, 0, 0, 0, 0, 0, 0, 0, 0, 1, 0, 0, 0, 0, 0, 0),
('154885132791054336', 'TJ R', 0, 0, 0, '2001-09-28 23:00:00', 0, 200, 0, 0, 1, 0, 0, 0, 0, 0, 0, 0, 0, 1, 0, 0, 0, 0, 0, 0),
('161661353680044033', 'Mousepadcoffee', 1959, 0.008041685972286793, 0, '2001-09-28 23:00:00', 0, 200, 0, 952, 35, 0, 0, 0, 0, 3, 1, 0, 0, 1, 0, 0, 0, 0, 0, 0),
('163100538538426370', 'Tychon', 228, 2.4141740444132322, 0, '2001-09-28 23:00:00', 0, 200, 0, 97, 13, 0, 0, 0, 0, 0, 5, 0, 0, 1, 0, 0, 0, 0, 0, 0),
('168439385157533696', 'hsgvuyha', 10389, 0.00941412433091967, 80, '2021-12-28 00:00:00', 20, 200, 146, 44077, 1962, 47, 9, 1, 7, 251, 253, 0, 109, 1, 0, 0, 0, 0, 1, 1),
('169220617260892160', 'Mandapanda', 0, 0, 0, '2001-09-28 23:00:00', 0, 200, 0, 46, 0, 0, 0, 0, 0, 0, 0, 0, 0, 1, 0, 0, 0, 0, 0, 0),
('170723840832438273', 'jeyo123', 4303, 701.5562937173678, 58, '2022-02-04 00:00:00', 37, 200, 32, 4753, 470, 9, 3, 1, 1, 56, 49, 500, 106, 5, 1, 2, 1, 1, 1, 0),
('177631883834818561', 'ANKI', 9733, 417.4328049845747, 55, '2001-09-28 23:00:00', 0, 200, 41, 31483, 628, 11, 4, 0, 5, 104, 173, 0, 0, 3, 0, 0, 0, 0, 0, 0),
('181215147115806722', 'Luke F', 7558, 0.006767791893018092, 0, '2001-09-28 23:00:00', 0, 200, 0, 3542, 52, 0, 0, 0, 2, 2, 25, 0, 0, 1, 0, 0, 0, 0, 0, 0),
('190296809749348352', 'rainmaster', 599, 0.011888287762251336, 0, '2001-09-28 23:00:00', 0, 200, 0, 700, 4, 0, 0, 0, 0, 1, 0, 0, 0, 1, 0, 0, 0, 0, 0, 0),
('202192046860009472', 'cornymccoy', 189, 0.0018000000017031892, 0, '2001-09-28 23:00:00', 0, 200, 0, 113, 1, 0, 0, 0, 0, 0, 0, 0, 0, 1, 0, 0, 0, 0, 0, 0),
('205784875192549376', 'Jarl of Winco', 0, 0, 0, '2001-09-28 23:00:00', 0, 200, 0, 0, 0, 0, 0, 0, 0, 0, 0, 0, 0, 1, 0, 0, 0, 0, 0, 0),
('209896849409179648', 'BackWoodz', 15045, 570.0923718286294, 50, '2022-01-13 00:00:00', 2, 200, 14, 49413, 972, 3, 2, 0, 3, 105, 75, 0, 13, 4, 0, 9, 0, 2, 0, 0),
('221741012811382784', 'NippleSnow', 2391, 450.3084139877759, 0, '2022-01-31 00:00:00', 1, 200, 0, 1440, 59, 0, 0, 0, 0, 18, 8, 0, 4, 4, 0, 1, 1, 0, 0, 0),
('226551305462743041', 'Java Lava', 13928, 1130.2834266632901, 91, '2022-02-04 00:00:00', 112, 200, 432, 27225, 9302, 129, 45, 18, 30, 587, 1466, 31000, 155, 8, 0, 10, 0, 2, 1, 0),
('227226604051496960', 'complex', 457, 0.015738461525390234, 0, '2001-09-28 23:00:00', 0, 200, 0, 202, 2, 0, 0, 0, 0, 1, 0, 0, 0, 1, 0, 0, 0, 0, 0, 0),
('228537642583588864', 'Vexera', 3983, 0.010708800156961372, 0, '2001-09-28 23:00:00', 0, 200, 0, 2970, 0, 0, 0, 0, 0, 0, 0, 0, 0, 1, 0, 0, 0, 0, 0, 0),
('234395307759108106', 'Groovy', 7283, 0.0039521230283584285, 0, '2001-09-28 23:00:00', 0, 200, 0, 3862, 0, 0, 0, 0, 0, 0, 0, 0, 0, 1, 0, 0, 0, 0, 0, 0),
('235088799074484224', 'Rythm', 3703, 0.006000000504133268, 0, '2001-09-28 23:00:00', 0, 200, 0, 1996, 0, 0, 0, 0, 0, 0, 0, 0, 0, 1, 0, 0, 0, 0, 0, 0),
('236654190795948033', 'gina', 16, 0.01096489993485069, 0, '2001-09-28 23:00:00', 0, 200, 0, 163, 10, 0, 0, 0, 0, 0, 3, 0, 0, 1, 0, 0, 0, 0, 0, 0),
('244458437281447936', 'Daviiid', 0, 0, 0, '2001-09-28 23:00:00', 0, 200, 0, 98, 1, 0, 0, 0, 0, 0, 0, 0, 0, 1, 0, 0, 0, 0, 0, 0),
('246085834397319178', 'Swan_Flyer', 24107, 937.6622894530437, 69, '2022-02-04 00:00:00', 52, 200, 197, 20186, 1522, 58, 20, 8, 16, 291, 413, 0, 146, 7, 0, 2, 0, 5, 1, 0),
('249418109851533312', 'lunar †', 0, 0, 0, '2001-09-28 23:00:00', 0, 200, 0, 0, 1, 0, 0, 0, 0, 0, 0, 0, 0, 1, 0, 0, 0, 0, 0, 0),
('253701232722444289', 'Ampex', 97029, 681.9493869840537, 6, '2022-02-04 00:00:00', 6, 200, 19, 30104, 743, 4, 1, 2, 5, 175, 85, 198099, 169, 5, 0, 9, 0, 0, 1, 1),
('253715512591253504', 'Rafty', 924, 0.010399999989178253, 0, '2001-09-28 23:00:00', 0, 200, 0, 573, 0, 0, 0, 0, 0, 0, 0, 0, 0, 1, 0, 0, 0, 0, 0, 0),
('254812783193882634', 'oldman', 15416, 294.10119113430204, 2, '2001-09-28 23:00:00', 0, 200, 7, 20402, 19, 2, 1, 0, 0, 6, 7, 0, 0, 2, 0, 0, 0, 0, 1, 1),
('261307918111080449', 's1lentchaos', 339, 0.002380366077648105, 0, '2001-09-28 23:00:00', 0, 200, 3, 283, 2, 1, 0, 0, 0, 0, 5, 0, 0, 1, 0, 0, 0, 0, 0, 0),
('278008751561244673', 'lolwat808', 8, 0, 0, '2001-09-28 23:00:00', 0, 200, 0, 0, 0, 0, 0, 0, 0, 0, 0, 0, 0, 1, 0, 0, 0, 0, 0, 0),
('293929486678884353', 'Brandaroonie', 16, 0.0005204305555416011, 0, '2001-09-28 23:00:00', 0, 200, 0, 0, 7, 0, 0, 0, 0, 0, 2, 0, 0, 1, 0, 0, 0, 0, 0, 0),
('300810176934445059', 'Soup!', 3, 0.0032000000015658114, 0, '2001-09-28 23:00:00', 0, 200, 0, 0, 1, 0, 0, 0, 0, 2, 1, 0, 0, 1, 0, 0, 0, 0, 0, 0),
('312796957368123402', 'traplordwinston', 46281, 451.9425350084785, 70, '2022-02-03 00:00:00', 2, 200, 116, 25568, 920, 30, 10, 0, 5, 84, 248, 0, 152, 4, 0, 0, 0, 0, 1, 1),
('317795962208649216', 'sugarcookie', 0, 0, 0, '2001-09-28 23:00:00', 0, 200, 0, 11, 1, 0, 0, 0, 0, 0, 0, 0, 0, 1, 0, 0, 0, 0, 0, 0),
('322435175722254336', 'Rorahaley', 4068, 0.0013241007988703257, 0, '2001-09-28 23:00:00', 0, 200, 0, 4646, 9, 0, 0, 0, 0, 1, 2, 0, 0, 1, 0, 0, 0, 0, 0, 0),
('337632617811935232', 'Mochi', 2, 0.017754954453937398, 0, '2001-09-28 23:00:00', 0, 200, 0, 163, 3, 0, 0, 0, 0, 0, 0, 0, 0, 1, 0, 0, 0, 0, 0, 0),
('337739894501670912', '420_Strawbee Milk', 3209, 1064.322375547856, 61, '2022-02-04 00:00:00', 52, 200, 310, 6763, 4749, 93, 28, 26, 14, 545, 630, 9203, 145, 8, 0, 8, 0, 0, 1, 0),
('342831103972868098', 'Zen0', 0, 0.001600000000602314, 0, '2001-09-28 23:00:00', 0, 200, 0, 0, 0, 0, 0, 0, 0, 0, 0, 0, 0, 1, 0, 0, 0, 0, 0, 0),
('356864515448635403', 'Trine', 828, 0.011364574431790585, 0, '2001-09-28 23:00:00', 0, 200, 0, 2164, 8, 0, 0, 0, 0, 0, 0, 0, 0, 1, 0, 0, 0, 0, 0, 0),
('382958058441146368', 'm000dles', 0, 0.005720052354753008, 0, '2001-09-28 23:00:00', 0, 200, 0, 26, 1, 0, 0, 0, 0, 0, 6, 0, 0, 1, 0, 0, 0, 0, 0, 0),
('384759991510499328', 'OnePuckMan', 4, 19.494777477227842, 0, '2001-09-28 23:00:00', 0, 200, 0, 0, 2, 0, 0, 0, 0, 2, 1, 0, 0, 1, 0, 0, 0, 0, 0, 0),
('396006968558485504', 'Golden Fennec', 1443, 0.00987854968825904, 0, '2001-09-28 23:00:00', 0, 200, 0, 552, 75, 0, 0, 0, 0, 1, 6, 0, 0, 1, 0, 0, 0, 0, 0, 0),
('403750666545135618', 'mahlondick', 1116, 0.01634705304257541, 0, '2001-09-28 23:00:00', 0, 200, 0, 907, 55, 0, 0, 0, 0, 2, 0, 0, 0, 1, 0, 0, 0, 0, 0, 0),
('410560059618361364', 'Inferno', 20245, 0.004439205931901696, 0, '2021-08-12 00:00:00', 1, 200, 5, 12860, 131, 1, 1, 0, 0, 10, 30, 0, 0, 1, 0, 0, 0, 0, 1, 1),
('412092567237165067', 'Whammie', 942, 0.013399999989306265, 0, '2001-09-28 23:00:00', 0, 200, 0, 432, 0, 0, 0, 0, 0, 0, 0, 0, 0, 1, 0, 0, 0, 0, 0, 0),
('420076757060681738', 'quinny', 13378, 494.0483265524299, 0, '2022-02-04 00:00:00', 12, 200, 20, 219, 98, 4, 2, 0, 0, 12, 18, 0, 53, 4, 0, 1, 0, 0, 1, 1),
('433421083534950402', 'Sinner', 0, 0, 0, '2001-09-28 23:00:00', 0, 200, 0, 0, 1, 0, 0, 0, 0, 0, 0, 0, 0, 1, 0, 0, 0, 0, 0, 0),
('437323672341053452', 'HectoFecto', 423, 0.012000000002388843, 0, '2001-09-28 23:00:00', 0, 200, 0, 480, 0, 0, 0, 0, 0, 0, 0, 0, 0, 1, 0, 0, 0, 0, 0, 0),
('450077187400269824', 'Branipoo', 0, 0.0008000000001210095, 0, '2001-09-28 23:00:00', 0, 200, 0, 70, 1, 0, 0, 0, 0, 1, 0, 0, 0, 1, 0, 0, 0, 0, 0, 0),
('451138476172378112', 'Outlaw', 215, 0.004199999999953213, 0, '2001-09-28 23:00:00', 0, 200, 0, 5, 0, 0, 0, 0, 0, 0, 0, 0, 0, 1, 0, 0, 0, 0, 0, 0),
('461625512008220673', 'Gunner', 500, 0.001600000000602314, 0, '2001-09-28 23:00:00', 0, 200, 0, 0, 0, 0, 0, 0, 2, 0, 1, 0, 0, 1, 0, 0, 0, 0, 0, 0),
('468643508333576192', 'mikaylauwu', 11191, 1034.5787478345278, 70, '2022-02-04 00:00:00', 127, 200, 308, 30049, 5651, 83, 31, 41, 20, 477, 845, 6069, 167, 7, 1, 4, 1, 2, 1, 0),
('471739234638757898', 'Rushz', 250, 0.0008000000001210095, 0, '2001-09-28 23:00:00', 0, 200, 0, 0, 0, 0, 0, 0, 1, 0, 0, 0, 0, 1, 0, 0, 0, 0, 0, 0),
('479040816745283584', 'SirBaron', 204, 0.006000000002276934, 0, '2001-09-28 23:00:00', 0, 200, 0, 920, 1, 0, 0, 0, 0, 0, 0, 0, 0, 1, 0, 0, 0, 0, 0, 0),
('483377420494176258', 'botify', 3444, 0.016927999991916874, 0, '2001-09-28 23:00:00', 0, 200, 0, 3175, 0, 0, 0, 0, 0, 0, 0, 0, 0, 1, 0, 0, 0, 0, 0, 0),
('490307164624125973', 'Benjamin|Bell', 201, 0, 0, '2001-09-28 23:00:00', 0, 200, 0, 0, 0, 0, 0, 0, 0, 0, 0, 0, 0, 1, 0, 0, 0, 0, 0, 0),
('512496137530376193', 'SluggCam', 124, 0.0006547928538672421, 0, '2001-09-28 23:00:00', 0, 200, 0, 164, 11, 0, 0, 0, 0, 0, 0, 0, 0, 1, 0, 0, 0, 0, 0, 0),
('528013451944001575', '6kota9', 11054, 0.013257179844553844, 0, '2021-10-13 00:00:00', 2, 200, 21, 1207, 226, 9, 2, 0, 0, 103, 64, 0, 10, 1, 0, 0, 0, 0, 0, 0),
('542927749149491210', 'JonG652', 0, 0, 0, '2001-09-28 23:00:00', 0, 200, 0, 133, 1, 0, 0, 0, 0, 0, 0, 0, 0, 1, 0, 0, 0, 0, 0, 0),
('547905866255433758', 'Hydra', 8639, 142.45346666670488, 0, '2001-09-28 23:00:00', 0, 200, 0, 8824, 0, 0, 0, 0, 0, 0, 0, 0, 0, 1, 0, 0, 0, 0, 0, 0),
('561443690510286848', 'Vacuity', 56222, 1183.8123904775443, 10, '2022-02-04 00:00:00', 111, 200, 152, 2457, 1866, 44, 14, 10, 4, 211, 417, 0, 169, 8, 0, 23, 3, 1, 1, 0),
('562774786715942912', 'Zom', 4943, 701.6726936424301, 60, '2022-02-03 00:00:00', 4, 200, 95, 5978, 1189, 37, 8, 3, 7, 125, 165, 1900, 101, 5, 1, 0, 1, 0, 1, 0),
('620010720054214667', 'Pines', 637, 0.012660795638839671, 1, '2021-11-07 00:00:00', 1, 200, 0, 354, 30, 0, 0, 0, 1, 4, 8, 0, 1, 1, 0, 0, 0, 0, 0, 0),
('620442722691710988', 'mamimilkers', 1538, 0.007065456604439767, 0, '2001-09-28 23:00:00', 0, 200, 0, 171, 10, 0, 0, 0, 0, 9, 1, 0, 0, 1, 0, 0, 0, 0, 0, 0),
('622045130890805269', 'SweetestSIN', 226, 0.009159647313011852, 0, '2001-09-28 23:00:00', 0, 200, 0, 110, 12, 0, 0, 0, 0, 15, 4, 0, 0, 1, 0, 0, 0, 0, 0, 0),
('641508148422639616', 'Bendrinkingokolehao', 343, 0.017799999999520776, 0, '2001-09-28 23:00:00', 0, 200, 0, 168, 1, 0, 0, 0, 0, 1, 0, 0, 0, 1, 0, 0, 0, 0, 0, 0),
('642114496357335050', 'HarmonyWatch', 20194, 0.013324342199029969, 0, '2021-09-14 00:00:00', 24, 200, 0, 3966, 349, 0, 0, 0, 2, 67, 29, 900, 25, 1, 0, 0, 0, 0, 0, 0),
('643002203162017828', 'Vidjyagamer', 0, 0, 0, '2001-09-28 23:00:00', 0, 200, 0, 0, 0, 0, 0, 0, 0, 0, 0, 0, 0, 1, 0, 0, 0, 0, 0, 0),
('685378790867992618', 'Slugg', 14111, 715.9613545465705, 69, '2022-02-04 00:00:00', 123, 200, 16, 9031, 1907, 6, 1, 0, 0, 286, 64, 0, 123, 5, 3, 1, 3, 0, 1, 1),
('700153410393210892', 'kyraku', 0, 0, 0, '2001-09-28 23:00:00', 0, 200, 0, 0, 1, 0, 0, 0, 0, 0, 0, 0, 0, 1, 0, 0, 0, 0, 0, 0),
('706035843051290655', 'Zarxues', 0, 0, 0, '2001-09-28 23:00:00', 0, 200, 0, 37, 1, 0, 0, 0, 0, 0, 0, 0, 0, 1, 0, 0, 0, 0, 0, 0),
('711058332512944178', 'hildogz', 7221, 1121.0100585378789, 76, '2022-02-04 00:00:00', 115, 200, 128, 25756, 3411, 45, 6, 34, 6, 1994, 295, 7000, 164, 8, 0, 9, 8, 1, 1, 0),
('776675757299859466', 'AlbertSUN', 879, 0.006217601132676304, 0, '2001-09-28 23:00:00', 0, 200, 0, 483, 10, 0, 0, 0, 0, 0, 1, 0, 0, 1, 0, 0, 0, 0, 0, 0),
('79069517602357248', 'Acathasia', 2, 0.017754954453937398, 0, '2001-09-28 23:00:00', 0, 200, 0, 0, 1, 0, 0, 0, 0, 0, 0, 0, 0, 1, 0, 0, 0, 0, 0, 0),
('819964937865527366', 'Glizzy Gobbler', 5, 0, 0, '2001-09-28 23:00:00', 0, 200, 0, 0, 0, 0, 0, 0, 0, 0, 0, 0, 0, 1, 0, 0, 0, 0, 0, 0),
('846267611011874847', 'The Ampex Cam', 11247, 110.4265697227767, 0, '2001-09-28 23:00:00', 0, 200, 0, 17821, 6, 0, 0, 0, 0, 1, 0, 0, 0, 1, 0, 0, 0, 0, 0, 0),
('875246328966438932', 'whiteporcelaintrash', 3, 0.0013999999999989403, 0, '2001-09-28 23:00:00', 0, 200, 0, 1, 1, 0, 0, 0, 0, 0, 0, 0, 0, 1, 0, 0, 0, 0, 0, 0),
('906021392171012096', 'jesterpunk', 3177, 786.8979226381568, 0, '2001-09-28 23:00:00', 0, 200, 2, 3268, 60, 1, 0, 0, 1, 12, 26, 0, 0, 6, 0, 10, 0, 0, 0, 0),
('929132922143924285', 'Mil3stone', 3666, 632.9936892193509, 0, '2001-09-28 23:00:00', 0, 200, 0, 4627, 24, 0, 0, 0, 0, 3, 14, 0, 0, 5, 0, 1, 0, 1, 0, 0),
('99754494325186560', 'yunghentai', 620, 239.82526921204337, 0, '2001-09-28 23:00:00', 0, 200, 0, 627, 15, 0, 0, 0, 0, 0, 2, 0, 0, 2, 0, 1, 0, 0, 0, 0);

-- --------------------------------------------------------

--
-- Table structure for table `user_xps`
--

CREATE TABLE `user_xps` (
  `user_id` varchar(255) NOT NULL,
  `user_name` varchar(255) NOT NULL,
  `textXp_daily` double NOT NULL DEFAULT 0,
  `reactXp_daily` double NOT NULL DEFAULT 0,
  `cotdXp_daily` double NOT NULL DEFAULT 0,
  `voiceXp_daily` double NOT NULL DEFAULT 0,
  `xp_daily` double NOT NULL DEFAULT 0,
  `decay_daily` double NOT NULL DEFAULT 0,
  `textXp_weekly` double NOT NULL DEFAULT 0,
  `reactXp_weekly` double NOT NULL DEFAULT 0,
  `cotdXp_weekly` double NOT NULL DEFAULT 0,
  `voiceXp_weekly` double NOT NULL DEFAULT 0,
  `xp_weekly` double NOT NULL DEFAULT 0,
  `decay_weekly` double NOT NULL DEFAULT 0
) ENGINE=InnoDB DEFAULT CHARSET=latin1;

--
-- Dumping data for table `user_xps`
--

INSERT INTO `user_xps` (`user_id`, `user_name`, `textXp_daily`, `reactXp_daily`, `cotdXp_daily`, `voiceXp_daily`, `xp_daily`, `decay_daily`, `textXp_weekly`, `reactXp_weekly`, `cotdXp_weekly`, `voiceXp_weekly`, `xp_weekly`, `decay_weekly`) VALUES
('117760448912293891', 'Penicillen', 73.04589455158714, 54.25423361068922, 0, 0, 127.30012816227637, 51.605391710207975, 221.0835107756564, 131.94857895565386, 45, 315, 712.9073995106389, 34442.466796791545),
('209896849409179648', 'BackWoodz', 55.89308670878302, 6.2936413961178586, 0, 0, 62.18672810490087, 9.595219200000008, 57.567732743995975, 41.42871287278058, 45, 9, 151.3217995815636, 16134.712102719823),
('246085834397319178', 'Swan_Flyer', 35.153154954452944, 33.1343618472792, 0, 0, 68.28751680173215, 25.889126323199967, 153.63629842409466, 100.55682294846713, 45, 64, 363.19312137256185, 22988.289378691326),
('468643508333576192', 'mikaylauwu', 45.27014295332545, 30.076577477226472, 15, 0, 90.34672043055191, 26.329281484799967, 167.86152405206647, 148.63001762760496, 91, 21, 428.4915416796714, 33546.56109437364),
('177631883834818561', 'ANKI', 0, 0, 0, 0, 0, 6.853728000000013, 25, 0, 0, 155, 180, 10926.18996479359),
('116765791516360706', 'GLIZZY POLICE', 50.78944010470827, 31.545734860349278, 30, 0, 112.33517496505755, 15.891316224000034, 177.3685840432087, 130.4618958711575, 75, 0, 382.83047991436615, 10469.318277416829),
('168439385157533696', 'hsgvuyha', 0, 0, 0, 0, 0, 0, 0, 0, 0, 0, 0, 21015.487951141768),
('170723840832438273', 'jeyo123', 35.153154954452944, 25, 15, 0, 75.15315495445294, 13.433306880000039, 105.45946486335883, 50.83732301760648, 58, 0, 214.29678788096533, 8322.892587922217),
('181215147115806722', 'Luke F', 0, 0, 0, 0, 0, 0, 0, 0, 0, 0, 0, 1973.0649360045381),
('226551305462743041', 'Java Lava', 57.146054792851196, 15.4967628888536, 0, 0, 72.6428176817048, 36.86099407871997, 204.2971542981675, 171.3725623252467, 119, 76, 572.3443626586273, 40774.040451590256),
('227226604051496960', 'complex', 0, 0, 0, 0, 0, 0, 0, 0, 0, 0, 0, 81.43080000000388),
('228537642583588864', 'Vexera', 0, 0, 0, 0, 0, 0, 0, 0, 0, 0, 0, 1533.2908512026215),
('234395307759108106', 'Groovy', 0, 0, 0, 0, 0, 0, 0, 0, 0, 0, 0, 738.3827999997633),
('235088799074484224', 'Rythm', 0, 0, 0, 0, 0, 0, 0, 0, 0, 0, 0, 1172.8230000004903),
('253701232722444289', 'Ampex', 55.89308670878302, 0, 0, 0, 55.89308670878302, 13.433306880000039, 116.04624166323596, 12.5, 0, 146, 274.54624166323595, 15697.927594329134),
('253715512591253504', 'Rafty', 0, 0, 0, 0, 0, 0, 0, 0, 0, 0, 0, 372.81839999991695),
('312796957368123402', 'traplordwinston', 0, 0, 0, 0, 0, 9.595219200000008, 25, 5.076577477226472, 0, 0, 30.076577477226472, 17625.653431349638),
('337739894501670912', '420_Strawbee Milk', 54.45619265886139, 0, 0, 0, 54.45619265886139, 36.804974330879965, 165.49074793269244, 88.04602100173011, 151, 12, 416.53676893442247, 28935.7470707111),
('410560059618361364', 'Inferno', 0, 0, 0, 0, 0, 0, 0, 0, 0, 0, 0, 4689.520714561654),
('528013451944001575', '6kota9', 0, 0, 0, 0, 0, 0, 0, 0, 0, 0, 0, 2071.411081925278),
('561443690510286848', 'Vacuity', 65.97766838910236, 23.570103254933677, 0, 0, 89.54777164403605, 36.86099407871997, 227.67366302135682, 195.99563308224126, 251, 134, 808.5730732939273, 16278.91271943051),
('562774786715942912', 'Zom', 0, 12.5, 15, 0, 27.5, 13.433306880000039, 95.6175617391911, 25, 30, 46, 196.6175617391911, 15284.14263490805),
('642114496357335050', 'HarmonyWatch', 0, 0, 0, 0, 0, 0, 0, 0, 0, 0, 0, 1665.9895543704365),
('711058332512944178', 'hildogz', 55.89308670878302, 39.72809632943069, 0, 0, 95.62118303821369, 36.86099407871997, 196.76118274946126, 158.53806056249343, 112, 67, 534.2992433119547, 30977.639416206264),
('846267611011874847', 'The Ampex Cam', 0, 0, 0, 0, 0, 3.49680000000001, 0, 0, 0, 157, 157, 3354.6146361547458),
('254812783193882634', 'oldman', 0, 0, 0, 0, 0, 4.895520000000008, 0, 0, 0, 67, 67, 4536.375546239309),
('403750666545135618', 'mahlondick', 0, 0, 0, 0, 0, 0, 0, 0, 0, 0, 0, 660.4884093694535),
('382958058441146368', 'm000dles', 0, 0, 0, 0, 0, 0, 0, 0, 0, 0, 0, 25.388999999999385),
('133066681328074752', 'keeks!', 0, 0, 0, 0, 0, 0, 0, 0, 0, 0, 0, 30.076199999999204),
('261307918111080449', 's1lentchaos', 0, 0, 0, 0, 0, 0, 0, 0, 0, 0, 0, 216.5523599999846),
('161661353680044033', 'Mousepadcoffee', 0, 0, 0, 0, 0, 0, 0, 0, 0, 0, 0, 824.612399999727),
('322435175722254336', 'Rorahaley', 0, 0, 0, 0, 0, 3.1062000000000065, 0, 0, 0, 0, 0, 1074.8381999999326),
('620442722691710988', 'mamimilkers', 0, 0, 0, 0, 0, 0, 0, 0, 0, 0, 0, 65.23019999999832),
('641508148422639616', 'Bendrinkingokolehao', 0, 0, 0, 0, 0, 0, 0, 0, 0, 0, 0, 173.48220000000074),
('396006968558485504', 'Golden Fennec', 0, 0, 0, 0, 0, 0, 0, 0, 0, 23, 23, 1161.0492000004233),
('471739234638757898', 'Rushz', 0, 0, 0, 0, 0, 0, 0, 0, 0, 0, 0, 12.49919999999988),
('236654190795948033', 'gina', 0, 0, 0, 0, 0, 0, 0, 0, 0, 0, 0, 48.3599999999985),
('300810176934445059', 'Soup!', 0, 0, 0, 0, 0, 0, 0, 0, 0, 0, 0, 49.99679999999844),
('547905866255433758', 'Hydra', 0, 0, 0, 0, 0, 3.49680000000001, 0, 0, 0, 6, 6, 2737.097880001092),
('776675757299859466', 'AlbertSUN', 0, 0, 0, 0, 0, 0, 0, 0, 0, 0, 0, 71.31240000000041),
('342831103972868098', 'Zen0', 0, 0, 0, 0, 0, 0, 0, 0, 0, 0, 0, 24.9983999999994),
('356864515448635403', 'Trine', 0, 0, 0, 0, 0, 0, 0, 0, 0, 0, 0, 396.08699999990716),
('685378790867992618', 'Slugg', 25, 20.573340366080075, 45, 0, 90.57334036608006, 13.433306880000039, 75, 43.2084118427428, 90, 0, 208.20841184274278, 18394.959485115),
('483377420494176258', 'botify', 0, 0, 0, 0, 0, 0, 0, 0, 0, 0, 0, 1147.9830720003845),
('190296809749348352', 'rainmaster', 0, 0, 0, 0, 0, 0, 0, 0, 0, 0, 0, 268.9559999999606),
('512496137530376193', 'SluggCam', 0, 0, 0, 0, 0, 0, 0, 0, 0, 0, 0, 88.14540000000619),
('337632617811935232', 'Mochi', 0, 0, 0, 0, 0, 0, 0, 0, 0, 0, 0, 35.13539999999901),
('113187628341350400', 'Aly', 0, 0, 0, 0, 0, 0, 0, 0, 0, 0, 0, 74.99520000000167),
('706035843051290655', 'Zarxues', 0, 0, 0, 0, 0, 0, 0, 0, 0, 0, 0, 0),
('437323672341053452', 'HectoFecto', 0, 0, 0, 0, 0, 0, 0, 0, 0, 0, 0, 140.9880000000144),
('412092567237165067', 'Whammie', 0, 0, 0, 0, 0, 0, 0, 0, 0, 0, 0, 313.9493999999417),
('131560190498570240', 'Vvviewtiful', 0, 0, 0, 0, 0, 0, 0, 0, 0, 0, 0, 24.9983999999994),
('461625512008220673', 'Gunner', 0, 0, 0, 0, 0, 0, 0, 0, 0, 0, 0, 24.9983999999994),
('622045130890805269', 'SweetestSIN', 0, 0, 0, 0, 0, 0, 0, 0, 0, 0, 0, 227.05019999997822),
('317795962208649216', 'sugarcookie', 0, 0, 0, 0, 0, 0, 0, 0, 0, 0, 0, 0),
('154885132791054336', 'TJ R', 0, 0, 0, 0, 0, 0, 0, 0, 0, 0, 0, 0),
('620010720054214667', 'Pines', 0, 0, 0, 0, 0, 0, 0, 0, 0, 0, 0, 444.7631999998867),
('202192046860009472', 'cornymccoy', 0, 0, 0, 0, 0, 0, 0, 0, 0, 0, 0, 62.99819999999794),
('450077187400269824', 'Branipoo', 0, 0, 0, 0, 0, 0, 0, 0, 0, 0, 0, 12.49919999999988),
('542927749149491210', 'JonG652', 0, 0, 0, 0, 0, 0, 0, 0, 0, 0, 0, 0),
('420076757060681738', 'quinny', 25, 0, 0, 0, 25, 9.595219200000008, 75, 0, 0, 0, 75, 3070.5644534367816),
('120609132322619393', 'PreciousBearHoldingTangents', 0, 0, 0, 0, 0, 0, 0, 0, 0, 0, 0, 66.99719999999893),
('113017811021942784', 'AryaHailie', 0, 0, 0, 0, 0, 0, 0, 0, 0, 0, 0, 319.07749439993955),
('293929486678884353', 'Brandaroonie', 0, 0, 0, 0, 0, 0, 0, 0, 0, 0, 0, 112.80900000001466),
('221741012811382784', 'NippleSnow', 25, 12.5, 0, 0, 37.5, 6.941222400000013, 135.9425950591612, 45.573340366080075, 0, 0, 181.51593542524125, 1081.5019401607144),
('929132922143924285', 'Mil3stone', 25, 12.5, 0, 0, 37.5, 12.208385279999973, 85.15315495445294, 43.25641146454501, 0, 134, 262.630479449341, 1107.7997808003104),
('163100538538426370', 'Tychon', 0, 0, 0, 0, 0, 3.49680000000001, 35.153154954452944, 0, 0, 0, 35.153154954452944, 224.4833999999793),
('244458437281447936', 'Daviiid', 0, 0, 0, 0, 0, 0, 0, 0, 0, 0, 0, 0),
('906021392171012096', 'jesterpunk', 57.146054792851196, 0, 0, 0, 57.146054792851196, 13.833447936000038, 127.45236470175709, 64.12279645047792, 0, 134, 325.575161152235, 1076.9247152641458),
('99754494325186560', 'yunghentai', 25, 0, 0, 0, 25, 4.895520000000008, 50, 0, 0, 134, 184, 87.9928799999939),
('479040816745283584', 'SirBaron', 0, 0, 0, 0, 0, 0, 0, 0, 0, 0, 0, 116.9940000000161),
('79069517602357248', 'Acathasia', 0, 0, 0, 0, 0, 0, 0, 0, 0, 0, 0, 35.13539999999901),
('384759991510499328', 'OnePuckMan', 0, 0, 0, 0, 0, 3.49680000000001, 25, 18.0220117760249, 0, 0, 43.022011776024904, 35.58179999999899);

--
-- Indexes for dumped tables
--

--
-- Indexes for table `captains`
--
ALTER TABLE `captains`
  ADD PRIMARY KEY (`id`);

--
-- Indexes for table `exchanges`
--
ALTER TABLE `exchanges`
  ADD PRIMARY KEY (`id`);

--
-- Indexes for table `messages`
--
ALTER TABLE `messages`
  ADD PRIMARY KEY (`_id`);

--
-- Indexes for table `ships`
--
ALTER TABLE `ships`
  ADD PRIMARY KEY (`id`);

--
-- Indexes for table `users`
--
ALTER TABLE `users`
  ADD PRIMARY KEY (`user_id`);

--
-- AUTO_INCREMENT for dumped tables
--

--
-- AUTO_INCREMENT for table `captains`
--
ALTER TABLE `captains`
  MODIFY `id` int(11) NOT NULL AUTO_INCREMENT, AUTO_INCREMENT=5;

--
-- AUTO_INCREMENT for table `exchanges`
--
ALTER TABLE `exchanges`
  MODIFY `id` int(11) NOT NULL AUTO_INCREMENT;

--
-- AUTO_INCREMENT for table `ships`
--
ALTER TABLE `ships`
  MODIFY `id` int(11) NOT NULL AUTO_INCREMENT;
COMMIT;

/*!40101 SET CHARACTER_SET_CLIENT=@OLD_CHARACTER_SET_CLIENT */;
/*!40101 SET CHARACTER_SET_RESULTS=@OLD_CHARACTER_SET_RESULTS */;
/*!40101 SET COLLATION_CONNECTION=@OLD_COLLATION_CONNECTION */;
